CarType,15001,ObjectType
Car1,15002,Object
CarBlinkerType,15003,ObjectType
CarBlinkersType,15004,ObjectType
CarBlinkersType_LeftBlinker,15005,Object
CarBlinkersType_RightBlinker,15006,Object
CarType_Blinkers,15007,Object
CarType_Blinkers_LeftBlinker,15008,Object
CarType_Blinkers_RightBlinker,15009,Object
Car1_Blinkers,15010,Object
Car1_Blinkers_LeftBlinker,15011,Object
Car1_Blinkers_RightBlinker,15012,Object
BlinkersOnEventType,15013,ObjectType
BlinkersOnEventType_EventId,15014,Variable
BlinkersOnEventType_EventType,15015,Variable
BlinkersOnEventType_SourceNode,15016,Variable
BlinkersOnEventType_SourceName,15017,Variable
BlinkersOnEventType_Time,15018,Variable
BlinkersOnEventType_ReceiveTime,15019,Variable
BlinkersOnEventType_LocalTime,15020,Variable
BlinkersOnEventType_Message,15021,Variable
BlinkersOnEventType_Severity,15022,Variable
BlinkersOnEventType_PositionOfBlinker,15023,Variable
CarBlinkersType_LeftBlinker_LeftBlinkersOn,15024,Object
CarBlinkersType_LeftBlinker_LeftBlinkersOn_EventId,15025,Variable
CarBlinkersType_LeftBlinker_LeftBlinkersOn_EventType,15026,Variable
CarBlinkersType_LeftBlinker_LeftBlinkersOn_SourceNode,15027,Variable
CarBlinkersType_LeftBlinker_LeftBlinkersOn_SourceName,15028,Variable
CarBlinkersType_LeftBlinker_LeftBlinkersOn_Time,15029,Variable
CarBlinkersType_LeftBlinker_LeftBlinkersOn_ReceiveTime,15030,Variable
CarBlinkersType_LeftBlinker_LeftBlinkersOn_LocalTime,15031,Variable
CarBlinkersType_LeftBlinker_LeftBlinkersOn_Message,15032,Variable
CarBlinkersType_LeftBlinker_LeftBlinkersOn_Severity,15033,Variable
CarBlinkersType_LeftBlinker_LeftBlinkersOn_PositionOfBlinker,15034,Variable
CarType_Blinkers_LeftBlinker_LeftBlinkersOn,15035,Object
CarType_Blinkers_LeftBlinker_LeftBlinkersOn_EventId,15036,Variable
CarType_Blinkers_LeftBlinker_LeftBlinkersOn_EventType,15037,Variable
CarType_Blinkers_LeftBlinker_LeftBlinkersOn_SourceNode,15038,Variable
CarType_Blinkers_LeftBlinker_LeftBlinkersOn_SourceName,15039,Variable
CarType_Blinkers_LeftBlinker_LeftBlinkersOn_Time,15040,Variable
CarType_Blinkers_LeftBlinker_LeftBlinkersOn_ReceiveTime,15041,Variable
CarType_Blinkers_LeftBlinker_LeftBlinkersOn_LocalTime,15042,Variable
CarType_Blinkers_LeftBlinker_LeftBlinkersOn_Message,15043,Variable
CarType_Blinkers_LeftBlinker_LeftBlinkersOn_Severity,15044,Variable
CarType_Blinkers_LeftBlinker_LeftBlinkersOn_PositionOfBlinker,15045,Variable
Car1_Blinkers_LeftBlinker_LeftBlinkersOn,15046,Object
Car1_Blinkers_LeftBlinker_LeftBlinkersOn_EventId,15047,Variable
Car1_Blinkers_LeftBlinker_LeftBlinkersOn_EventType,15048,Variable
Car1_Blinkers_LeftBlinker_LeftBlinkersOn_SourceNode,15049,Variable
Car1_Blinkers_LeftBlinker_LeftBlinkersOn_SourceName,15050,Variable
Car1_Blinkers_LeftBlinker_LeftBlinkersOn_Time,15051,Variable
Car1_Blinkers_LeftBlinker_LeftBlinkersOn_ReceiveTime,15052,Variable
Car1_Blinkers_LeftBlinker_LeftBlinkersOn_LocalTime,15053,Variable
Car1_Blinkers_LeftBlinker_LeftBlinkersOn_Message,15054,Variable
Car1_Blinkers_LeftBlinker_LeftBlinkersOn_Severity,15055,Variable
Car1_Blinkers_LeftBlinker_LeftBlinkersOn_PositionOfBlinker,15056,Variable
BlinkersOffEventType,15057,ObjectType
BlinkersOffEventType_EventId,15058,Variable
BlinkersOffEventType_EventType,15059,Variable
BlinkersOffEventType_SourceNode,15060,Variable
BlinkersOffEventType_SourceName,15061,Variable
BlinkersOffEventType_Time,15062,Variable
BlinkersOffEventType_ReceiveTime,15063,Variable
BlinkersOffEventType_LocalTime,15064,Variable
BlinkersOffEventType_Message,15065,Variable
BlinkersOffEventType_Severity,15066,Variable
BlinkersOffEventType_PositionOfBlinker,15067,Variable
CarBlinkersType_LeftBlinker_LeftBlinkersOff,15068,Object
CarBlinkersType_LeftBlinker_LeftBlinkersOff_EventId,15069,Variable
CarBlinkersType_LeftBlinker_LeftBlinkersOff_EventType,15070,Variable
CarBlinkersType_LeftBlinker_LeftBlinkersOff_SourceNode,15071,Variable
CarBlinkersType_LeftBlinker_LeftBlinkersOff_SourceName,15072,Variable
CarBlinkersType_LeftBlinker_LeftBlinkersOff_Time,15073,Variable
CarBlinkersType_LeftBlinker_LeftBlinkersOff_ReceiveTime,15074,Variable
CarBlinkersType_LeftBlinker_LeftBlinkersOff_LocalTime,15075,Variable
CarBlinkersType_LeftBlinker_LeftBlinkersOff_Message,15076,Variable
CarBlinkersType_LeftBlinker_LeftBlinkersOff_Severity,15077,Variable
CarBlinkersType_LeftBlinker_LeftBlinkersOff_PositionOfBlinker,15078,Variable
CarType_Blinkers_LeftBlinker_LeftBlinkersOff,15079,Object
CarType_Blinkers_LeftBlinker_LeftBlinkersOff_EventId,15080,Variable
CarType_Blinkers_LeftBlinker_LeftBlinkersOff_EventType,15081,Variable
CarType_Blinkers_LeftBlinker_LeftBlinkersOff_SourceNode,15082,Variable
CarType_Blinkers_LeftBlinker_LeftBlinkersOff_SourceName,15083,Variable
CarType_Blinkers_LeftBlinker_LeftBlinkersOff_Time,15084,Variable
CarType_Blinkers_LeftBlinker_LeftBlinkersOff_ReceiveTime,15085,Variable
CarType_Blinkers_LeftBlinker_LeftBlinkersOff_LocalTime,15086,Variable
CarType_Blinkers_LeftBlinker_LeftBlinkersOff_Message,15087,Variable
CarType_Blinkers_LeftBlinker_LeftBlinkersOff_Severity,15088,Variable
CarType_Blinkers_LeftBlinker_LeftBlinkersOff_PositionOfBlinker,15089,Variable
Car1_Blinkers_LeftBlinker_LeftBlinkersOff,15090,Object
Car1_Blinkers_LeftBlinker_LeftBlinkersOff_EventId,15091,Variable
Car1_Blinkers_LeftBlinker_LeftBlinkersOff_EventType,15092,Variable
Car1_Blinkers_LeftBlinker_LeftBlinkersOff_SourceNode,15093,Variable
Car1_Blinkers_LeftBlinker_LeftBlinkersOff_SourceName,15094,Variable
Car1_Blinkers_LeftBlinker_LeftBlinkersOff_Time,15095,Variable
Car1_Blinkers_LeftBlinker_LeftBlinkersOff_ReceiveTime,15096,Variable
Car1_Blinkers_LeftBlinker_LeftBlinkersOff_LocalTime,15097,Variable
Car1_Blinkers_LeftBlinker_LeftBlinkersOff_Message,15098,Variable
Car1_Blinkers_LeftBlinker_LeftBlinkersOff_Severity,15099,Variable
Car1_Blinkers_LeftBlinker_LeftBlinkersOff_PositionOfBlinker,15100,Variable
TankType,15101,ObjectType
TankType_TankLevel,15102,Variable
CarType_Tank,15103,Object
CarType_Tank_TankLevel,15104,Variable
Car1_Tank,15105,Object
Car1_Tank_TankLevel,15106,Variable
TankType_TankLevelCondition,15107,Object
TankType_TankLevelCondition_EventId,15108,Variable
TankType_TankLevelCondition_EventType,15109,Variable
TankType_TankLevelCondition_SourceNode,15110,Variable
TankType_TankLevelCondition_SourceName,15111,Variable
TankType_TankLevelCondition_Time,15112,Variable
TankType_TankLevelCondition_ReceiveTime,15113,Variable
TankType_TankLevelCondition_LocalTime,15114,Variable
TankType_TankLevelCondition_Message,15115,Variable
TankType_TankLevelCondition_Severity,15116,Variable
TankType_TankLevelCondition_ConditionClassId,15117,Variable
TankType_TankLevelCondition_ConditionClassName,15118,Variable
TankType_TankLevelCondition_ConditionSubClassId,15119,Variable
TankType_TankLevelCondition_ConditionSubClassName,15120,Variable
TankType_TankLevelCondition_ConditionName,15121,Variable
TankType_TankLevelCondition_BranchId,15122,Variable
TankType_TankLevelCondition_Retain,15123,Variable
TankType_TankLevelCondition_EnabledState,15124,Variable
TankType_TankLevelCondition_EnabledState_Id,15125,Variable
TankType_TankLevelCondition_EnabledState_Name,15126,Variable
TankType_TankLevelCondition_EnabledState_Number,15127,Variable
TankType_TankLevelCondition_EnabledState_EffectiveDisplayName,15128,Variable
TankType_TankLevelCondition_EnabledState_TransitionTime,15129,Variable
TankType_TankLevelCondition_EnabledState_EffectiveTransitionTime,15130,Variable
TankType_TankLevelCondition_EnabledState_TrueState,15131,Variable
TankType_TankLevelCondition_EnabledState_FalseState,15132,Variable
TankType_TankLevelCondition_Quality,15133,Variable
TankType_TankLevelCondition_Quality_SourceTimestamp,15134,Variable
TankType_TankLevelCondition_LastSeverity,15135,Variable
TankType_TankLevelCondition_LastSeverity_SourceTimestamp,15136,Variable
TankType_TankLevelCondition_Comment,15137,Variable
TankType_TankLevelCondition_Comment_SourceTimestamp,15138,Variable
TankType_TankLevelCondition_ClientUserId,15139,Variable
TankType_TankLevelCondition_Disable,15140,Method
TankType_TankLevelCondition_Enable,15141,Method
TankType_TankLevelCondition_AddComment,15142,Method
TankType_TankLevelCondition_AddComment_InputArguments,15143,Variable
LessThan5LiterInTankConditionType,15144,ObjectType
LessThan5LiterInTankConditionType_EventId,15145,Variable
LessThan5LiterInTankConditionType_EventType,15146,Variable
LessThan5LiterInTankConditionType_SourceNode,15147,Variable
LessThan5LiterInTankConditionType_SourceName,15148,Variable
LessThan5LiterInTankConditionType_Time,15149,Variable
LessThan5LiterInTankConditionType_ReceiveTime,15150,Variable
LessThan5LiterInTankConditionType_LocalTime,15151,Variable
LessThan5LiterInTankConditionType_Message,15152,Variable
LessThan5LiterInTankConditionType_Severity,15153,Variable
LessThan5LiterInTankConditionType_ConditionClassId,15154,Variable
LessThan5LiterInTankConditionType_ConditionClassName,15155,Variable
LessThan5LiterInTankConditionType_ConditionSubClassId,15156,Variable
LessThan5LiterInTankConditionType_ConditionSubClassName,15157,Variable
LessThan5LiterInTankConditionType_ConditionName,15158,Variable
LessThan5LiterInTankConditionType_BranchId,15159,Variable
LessThan5LiterInTankConditionType_Retain,15160,Variable
LessThan5LiterInTankConditionType_EnabledState,15161,Variable
LessThan5LiterInTankConditionType_EnabledState_Id,15162,Variable
LessThan5LiterInTankConditionType_EnabledState_Name,15163,Variable
LessThan5LiterInTankConditionType_EnabledState_Number,15164,Variable
LessThan5LiterInTankConditionType_EnabledState_EffectiveDisplayName,15165,Variable
LessThan5LiterInTankConditionType_EnabledState_TransitionTime,15166,Variable
LessThan5LiterInTankConditionType_EnabledState_EffectiveTransitionTime,15167,Variable
LessThan5LiterInTankConditionType_EnabledState_TrueState,15168,Variable
LessThan5LiterInTankConditionType_EnabledState_FalseState,15169,Variable
LessThan5LiterInTankConditionType_Quality,15170,Variable
LessThan5LiterInTankConditionType_Quality_SourceTimestamp,15171,Variable
LessThan5LiterInTankConditionType_LastSeverity,15172,Variable
LessThan5LiterInTankConditionType_LastSeverity_SourceTimestamp,15173,Variable
LessThan5LiterInTankConditionType_Comment,15174,Variable
LessThan5LiterInTankConditionType_Comment_SourceTimestamp,15175,Variable
LessThan5LiterInTankConditionType_ClientUserId,15176,Variable
LessThan5LiterInTankConditionType_Disable,15177,Method
LessThan5LiterInTankConditionType_Enable,15178,Method
LessThan5LiterInTankConditionType_AddComment,15179,Method
LessThan5LiterInTankConditionType_AddComment_InputArguments,15180,Variable
LessThan5LiterInTankConditionType_ConditionRefresh,15181,Method
LessThan5LiterInTankConditionType_ConditionRefresh_InputArguments,15182,Variable
LessThan5LiterInTankConditionType_ConditionRefresh2,15183,Method
LessThan5LiterInTankConditionType_ConditionRefresh2_InputArguments,15184,Variable
CarType_Tank_TankLevelCondition,15185,Object
CarType_Tank_TankLevelCondition_EventId,15186,Variable
CarType_Tank_TankLevelCondition_EventType,15187,Variable
CarType_Tank_TankLevelCondition_SourceNode,15188,Variable
CarType_Tank_TankLevelCondition_SourceName,15189,Variable
CarType_Tank_TankLevelCondition_Time,15190,Variable
CarType_Tank_TankLevelCondition_ReceiveTime,15191,Variable
CarType_Tank_TankLevelCondition_LocalTime,15192,Variable
CarType_Tank_TankLevelCondition_Message,15193,Variable
CarType_Tank_TankLevelCondition_Severity,15194,Variable
CarType_Tank_TankLevelCondition_ConditionClassId,15195,Variable
CarType_Tank_TankLevelCondition_ConditionClassName,15196,Variable
CarType_Tank_TankLevelCondition_ConditionSubClassId,15197,Variable
CarType_Tank_TankLevelCondition_ConditionSubClassName,15198,Variable
CarType_Tank_TankLevelCondition_ConditionName,15199,Variable
CarType_Tank_TankLevelCondition_BranchId,15200,Variable
CarType_Tank_TankLevelCondition_Retain,15201,Variable
CarType_Tank_TankLevelCondition_EnabledState,15202,Variable
CarType_Tank_TankLevelCondition_EnabledState_Id,15203,Variable
CarType_Tank_TankLevelCondition_EnabledState_Name,15204,Variable
CarType_Tank_TankLevelCondition_EnabledState_Number,15205,Variable
CarType_Tank_TankLevelCondition_EnabledState_EffectiveDisplayName,15206,Variable
CarType_Tank_TankLevelCondition_EnabledState_TransitionTime,15207,Variable
CarType_Tank_TankLevelCondition_EnabledState_EffectiveTransitionTime,15208,Variable
CarType_Tank_TankLevelCondition_EnabledState_TrueState,15209,Variable
CarType_Tank_TankLevelCondition_EnabledState_FalseState,15210,Variable
CarType_Tank_TankLevelCondition_Quality,15211,Variable
CarType_Tank_TankLevelCondition_Quality_SourceTimestamp,15212,Variable
CarType_Tank_TankLevelCondition_LastSeverity,15213,Variable
CarType_Tank_TankLevelCondition_LastSeverity_SourceTimestamp,15214,Variable
CarType_Tank_TankLevelCondition_Comment,15215,Variable
CarType_Tank_TankLevelCondition_Comment_SourceTimestamp,15216,Variable
CarType_Tank_TankLevelCondition_ClientUserId,15217,Variable
CarType_Tank_TankLevelCondition_Disable,15218,Method
CarType_Tank_TankLevelCondition_Enable,15219,Method
CarType_Tank_TankLevelCondition_AddComment,15220,Method
CarType_Tank_TankLevelCondition_AddComment_InputArguments,15221,Variable
Car1_Tank_TankLevelCondition,15222,Object
Car1_Tank_TankLevelCondition_EventId,15223,Variable
Car1_Tank_TankLevelCondition_EventType,15224,Variable
Car1_Tank_TankLevelCondition_SourceNode,15225,Variable
Car1_Tank_TankLevelCondition_SourceName,15226,Variable
Car1_Tank_TankLevelCondition_Time,15227,Variable
Car1_Tank_TankLevelCondition_ReceiveTime,15228,Variable
Car1_Tank_TankLevelCondition_LocalTime,15229,Variable
Car1_Tank_TankLevelCondition_Message,15230,Variable
Car1_Tank_TankLevelCondition_Severity,15231,Variable
Car1_Tank_TankLevelCondition_ConditionClassId,15232,Variable
Car1_Tank_TankLevelCondition_ConditionClassName,15233,Variable
Car1_Tank_TankLevelCondition_ConditionSubClassId,15234,Variable
Car1_Tank_TankLevelCondition_ConditionSubClassName,15235,Variable
Car1_Tank_TankLevelCondition_ConditionName,15236,Variable
Car1_Tank_TankLevelCondition_BranchId,15237,Variable
Car1_Tank_TankLevelCondition_Retain,15238,Variable
Car1_Tank_TankLevelCondition_EnabledState,15239,Variable
Car1_Tank_TankLevelCondition_EnabledState_Id,15240,Variable
Car1_Tank_TankLevelCondition_EnabledState_Name,15241,Variable
Car1_Tank_TankLevelCondition_EnabledState_Number,15242,Variable
Car1_Tank_TankLevelCondition_EnabledState_EffectiveDisplayName,15243,Variable
Car1_Tank_TankLevelCondition_EnabledState_TransitionTime,15244,Variable
Car1_Tank_TankLevelCondition_EnabledState_EffectiveTransitionTime,15245,Variable
Car1_Tank_TankLevelCondition_EnabledState_TrueState,15246,Variable
Car1_Tank_TankLevelCondition_EnabledState_FalseState,15247,Variable
Car1_Tank_TankLevelCondition_Quality,15248,Variable
Car1_Tank_TankLevelCondition_Quality_SourceTimestamp,15249,Variable
Car1_Tank_TankLevelCondition_LastSeverity,15250,Variable
Car1_Tank_TankLevelCondition_LastSeverity_SourceTimestamp,15251,Variable
Car1_Tank_TankLevelCondition_Comment,15252,Variable
Car1_Tank_TankLevelCondition_Comment_SourceTimestamp,15253,Variable
Car1_Tank_TankLevelCondition_ClientUserId,15254,Variable
Car1_Tank_TankLevelCondition_Disable,15255,Method
Car1_Tank_TankLevelCondition_Enable,15256,Method
Car1_Tank_TankLevelCondition_AddComment,15257,Method
Car1_Tank_TankLevelCondition_AddComment_InputArguments,15258,Variable
Car2,15259,Object
Car2_Blinkers,15260,Object
Car2_Blinkers_LeftBlinker,15261,Object
Car2_Blinkers_LeftBlinker_LeftBlinkersOn,15262,Object
Car2_Blinkers_LeftBlinker_LeftBlinkersOn_EventId,15263,Variable
Car2_Blinkers_LeftBlinker_LeftBlinkersOn_EventType,15264,Variable
Car2_Blinkers_LeftBlinker_LeftBlinkersOn_SourceNode,15265,Variable
Car2_Blinkers_LeftBlinker_LeftBlinkersOn_SourceName,15266,Variable
Car2_Blinkers_LeftBlinker_LeftBlinkersOn_Time,15267,Variable
Car2_Blinkers_LeftBlinker_LeftBlinkersOn_ReceiveTime,15268,Variable
Car2_Blinkers_LeftBlinker_LeftBlinkersOn_LocalTime,15269,Variable
Car2_Blinkers_LeftBlinker_LeftBlinkersOn_Message,15270,Variable
Car2_Blinkers_LeftBlinker_LeftBlinkersOn_Severity,15271,Variable
Car2_Blinkers_LeftBlinker_LeftBlinkersOn_PositionOfBlinker,15272,Variable
Car2_Blinkers_LeftBlinker_LeftBlinkersOff,15273,Object
Car2_Blinkers_LeftBlinker_LeftBlinkersOff_EventId,15274,Variable
Car2_Blinkers_LeftBlinker_LeftBlinkersOff_EventType,15275,Variable
Car2_Blinkers_LeftBlinker_LeftBlinkersOff_SourceNode,15276,Variable
Car2_Blinkers_LeftBlinker_LeftBlinkersOff_SourceName,15277,Variable
Car2_Blinkers_LeftBlinker_LeftBlinkersOff_Time,15278,Variable
Car2_Blinkers_LeftBlinker_LeftBlinkersOff_ReceiveTime,15279,Variable
Car2_Blinkers_LeftBlinker_LeftBlinkersOff_LocalTime,15280,Variable
Car2_Blinkers_LeftBlinker_LeftBlinkersOff_Message,15281,Variable
Car2_Blinkers_LeftBlinker_LeftBlinkersOff_Severity,15282,Variable
Car2_Blinkers_LeftBlinker_LeftBlinkersOff_PositionOfBlinker,15283,Variable
Car2_Blinkers_RightBlinker,15284,Object
Car2_Tank,15285,Object
Car2_Tank_TankLevel,15286,Variable
Car2_Tank_TankLevelCondition,15287,Object
Car2_Tank_TankLevelCondition_EventId,15288,Variable
Car2_Tank_TankLevelCondition_EventType,15289,Variable
Car2_Tank_TankLevelCondition_SourceNode,15290,Variable
Car2_Tank_TankLevelCondition_SourceName,15291,Variable
Car2_Tank_TankLevelCondition_Time,15292,Variable
Car2_Tank_TankLevelCondition_ReceiveTime,15293,Variable
Car2_Tank_TankLevelCondition_LocalTime,15294,Variable
Car2_Tank_TankLevelCondition_Message,15295,Variable
Car2_Tank_TankLevelCondition_Severity,15296,Variable
Car2_Tank_TankLevelCondition_ConditionClassId,15297,Variable
Car2_Tank_TankLevelCondition_ConditionClassName,15298,Variable
Car2_Tank_TankLevelCondition_ConditionSubClassId,15299,Variable
Car2_Tank_TankLevelCondition_ConditionSubClassName,15300,Variable
Car2_Tank_TankLevelCondition_ConditionName,15301,Variable
Car2_Tank_TankLevelCondition_BranchId,15302,Variable
Car2_Tank_TankLevelCondition_Retain,15303,Variable
Car2_Tank_TankLevelCondition_EnabledState,15304,Variable
Car2_Tank_TankLevelCondition_EnabledState_Id,15305,Variable
Car2_Tank_TankLevelCondition_EnabledState_Name,15306,Variable
Car2_Tank_TankLevelCondition_EnabledState_Number,15307,Variable
Car2_Tank_TankLevelCondition_EnabledState_EffectiveDisplayName,15308,Variable
Car2_Tank_TankLevelCondition_EnabledState_TransitionTime,15309,Variable
Car2_Tank_TankLevelCondition_EnabledState_EffectiveTransitionTime,15310,Variable
Car2_Tank_TankLevelCondition_EnabledState_TrueState,15311,Variable
Car2_Tank_TankLevelCondition_EnabledState_FalseState,15312,Variable
Car2_Tank_TankLevelCondition_Quality,15313,Variable
Car2_Tank_TankLevelCondition_Quality_SourceTimestamp,15314,Variable
Car2_Tank_TankLevelCondition_LastSeverity,15315,Variable
Car2_Tank_TankLevelCondition_LastSeverity_SourceTimestamp,15316,Variable
Car2_Tank_TankLevelCondition_Comment,15317,Variable
Car2_Tank_TankLevelCondition_Comment_SourceTimestamp,15318,Variable
Car2_Tank_TankLevelCondition_ClientUserId,15319,Variable
Car2_Tank_TankLevelCondition_Disable,15320,Method
Car2_Tank_TankLevelCondition_Enable,15321,Method
Car2_Tank_TankLevelCondition_AddComment,15322,Method
Car2_Tank_TankLevelCondition_AddComment_InputArguments,15323,Variable
